Feature_type,Stage,Feature
sequence,BJ,TX_asinh_b73_WL
sequence,BJ,TX_asinh_b17_WL
sequence,BJ,TX_asinh_b33_WL
sequence,BJ,TX_asinh_b46_WL
sequence,BJ,TX_asinh_b60_WL
sequence,BJ,TX_asinh_b22_WL
sequence,BJ,TX_asinh_b61_WL
sequence,BJ,TX_asinh_b11_WL
sequence,BJ,TX_asinh_b64_WL
sequence,BJ,TX_asinh_b5_WL
sequence,BJ,TX_asinh_b4_WL
sequence,BJ,TX_asinh_b50_WL
sequence,BJ,TX_asinh_b70_WL
sequence,BJ,TX_asinh_b6_WL
sequence,BJ,TX_asinh_b35_WL
sequence,BJ,TX_asinh_b26_WL
sequence,BJ,TX_asinh_b75_WL
sequence,BJ,TX_asinh_b67_WL
sequence,BJ,TX_asinh_b27_WL
sequence,BJ,TX_asinh_b43_WL
sequence,BJ,TX_asinh_b19_WL
sequence,BJ,TX_asinh_b78_WL
sequence,BJ,TX_asinh_b59_WL
sequence,BJ,TX_asinh_b30_WL
sequence,GJ1,TX_asinh_b57_WL
sequence,GJ1,TX_asinh_b9_WL
sequence,GJ1,TX_asinh_b17_WL
sequence,GJ1,TX_asinh_b53_WL
sequence,GJ1,TX_asinh_b11_WL
sequence,GJ1,TX_asinh_b51_WL
sequence,GJ1,TX_asinh_b60_WL
sequence,GJ1,TX_asinh_b3_WL
sequence,GJ1,TX_asinh_b29_WL
sequence,GJ1,TX_asinh_b59_WL
sequence,GJ1,TX_asinh_b28_WL
sequence,GJ1,TX_asinh_b75_WL
sequence,GJ1,TX_asinh_b19_WL
sequence,GJ1,TX_asinh_b43_WL
sequence,GJ1,TX_asinh_b21_WL
sequence,GJ1,TX_asinh_b35_WL
sequence,GJ1,TX_asinh_b27_WL
sequence,GJ1,TX_asinh_b67_WL
sequence,GJ1,TX_asinh_b50_WL
sequence,GJ1,TX_asinh_b26_WL
sequence,GJ1,TX_asinh_b78_WL
sequence,GJ1,TX_asinh_b14_WL
sequence,GJ1,TX_asinh_b30_WL
sequence,GJ1,TX_asinh_b22_WL
sequence,GJ2,TX_asinh_b41_WL
sequence,GJ2,TX_asinh_b9_WL
sequence,GJ2,TX_asinh_b17_WL
sequence,GJ2,TX_asinh_b19_WL
sequence,GJ2,TX_asinh_b53_WL
sequence,GJ2,TX_asinh_b13_WL
sequence,GJ2,TX_asinh_b51_WL
sequence,GJ2,TX_asinh_b35_WL
sequence,GJ2,TX_logabs_b21_WL
sequence,GJ2,TX_asinh_b12_WL
sequence,GJ2,TX_asinh_b52_WL
sequence,GJ2,TX_asinh_b27_WL
sequence,GJ2,TX_asinh_b43_WL
sequence,GJ2,TX_asinh_b11_WL
sequence,GJ2,TX_asinh_b67_WL
sequence,GJ2,TX_asinh_b3_WL
sequence,GJ2,TX_asinh_b59_WL
sequence,GJ2,TX_asinh_b75_WL
sequence,GJ2,TX_asinh_b2_WL
sequence,GJ2,TX_asinh_b42_WL
sequence,GJ2,TX_asinh_b14_WL
sequence,GJ2,TX_asinh_b6_WL
sequence,GJ2,TX_asinh_b38_WL
sequence,GJ2,TX_asinh_b46_WL
sequence,RS,TX_asinh_b17_WL
sequence,RS,TX_asinh_b1_WL
sequence,RS,TX_asinh_b18_WL
sequence,RS,TX_asinh_b65_WL
sequence,RS,TX_asinh_b21_WL
sequence,RS,TX_asinh_b50_WL
sequence,RS,TX_asinh_b5_WL
sequence,RS,TX_asinh_b12_WL
sequence,RS,TX_asinh_b69_WL
sequence,RS,TX_asinh_b52_WL
sequence,RS,TX_asinh_b19_WL
sequence,RS,TX_asinh_b27_WL
sequence,RS,TX_asinh_b3_WL
sequence,RS,TX_asinh_b11_WL
sequence,RS,TX_asinh_b75_WL
sequence,RS,TX_asinh_b67_WL
sequence,RS,TX_asinh_b35_WL
sequence,RS,TX_asinh_b8_WL
sequence,RS,TX_asinh_b43_WL
sequence,RS,TX_asinh_b59_WL
sequence,RS,TX_asinh_b30_WL
sequence,RS,TX_asinh_b51_WL
sequence,RS,TX_asinh_b6_WL
sequence,RS,TX_asinh_b22_WL
static,MT,MT_RS_div_BJ__TX_asinh_b17_WL
static,MT,MT_GJ2_div_GJ1__TX_logabs_b28_WL
static,MT,MT_RS_div_BJ__TX_asinh_b10_WL
static,MT,MT_ND_RS_vs_BJ__TX_logabs_b18_WL
static,MT,MT_RS_div_BJ__TX_logabs_b26_WL
static,MT,MT_RS_div_BJ__TX_asinh_b1_WL
static,MT,MT_ND_RS_vs_BJ__TX_asinh_b2_WL
static,MT,MT_RS_minus_BJ__TX_asinh_b10_WL
static,MT,MT_ND_RS_vs_BJ__TX_logabs_b34_WL
static,MT,MT_RS_minus_BJ__TX_asinh_b9_WL
static,MT,MT_RS_div_BJ__TX_logabs_b50_WL
static,MT,MT_RS_div_BJ__TX_asinh_b33_WL
static,MT,MT_RS_minus_BJ__TX_asinh_b13_WL
static,MT,MT_RS_div_BJ__TX_asinh_b21_WL
static,MT,MT_RS_div_BJ__TX_logabs_b53_WL
static,MT,MT_ND_GJ2_vs_GJ1__TX_asinh_b29_WL
static,MT,MT_GJ2_minus_GJ1__TX_asinh_b28_WL
static,MT,MT_RS_div_BJ__TX_asinh_b73_WL
static,MT,MT_RS_minus_BJ__TX_logabs_b52_WL
static,MT,MT_ND_RS_vs_BJ__TX_logabs_b20_WL
static,MT,MT_RS_div_BJ__TX_logabs_b12_WL
static,MT,MT_ND_RS_vs_BJ__TX_logabs_b69_WL
static,MT,MT_RS_minus_BJ__TX_asinh_b28_WL
static,MT,MT_GJ2_div_GJ1__TX_logabs_b41_WL
static,MT,MT_ND_RS_vs_BJ__TX_logabs_b8_WL
static,MT,MT_RS_div_GJ2__TX_asinh_b14_WL
static,MT,MT_GJ2_minus_GJ1__TX_logabs_b41_WL
static,MT,MT_RS_minus_BJ__TX_asinh_b41_WL
static,MT,MT_RS_div_BJ__TX_logabs_b19_WL
static,MT,MT_ND_RS_vs_BJ__TX_logabs_b19_WL
static,MT,MT_GJ2_minus_GJ1__TX_asinh_b29_WL
static,MT,MT_GJ2_div_GJ1__TX_asinh_b36_WL
static,MT,MT_GJ2_div_GJ1__TX_logabs_b42_WL
static,MT,MT_GJ2_div_GJ1__TX_asinh_b40_WL
static,MT,MT_ND_RS_vs_BJ__TX_asinh_b32_WL
static,MT,MT_RS_minus_BJ__TX_logabs_b19_WL
